{"initial_reset_timestamp": 1573232333.4059577, "timestamps": [1573232334.8282652], "episode_lengths": [125], "episode_rewards": [125.0], "episode_types": ["t"]}